{
  "display": {
    "title": "SGH",
    "description": "SGH",
    "navmapThumbnail": "images/scene-thumbnail.png",
    "favicon": "favicon_asset"
  },
  "owner": "Adshares",
  "contact": {
    "name": "Adshares",
    "email": ""
  },
  "main": "bin/game.js",
  "tags": [],
  "scene": {
    "parcels": [
      "-69,28",
      "-69,29",
      "-69,30",
      "-69,31",

      "-68,28",
      "-68,29",
      "-68,30",
      "-68,31",

      "-67,28",
      "-67,29",
      "-67,30",
      "-67,31",

      "-66,28",
      "-66,29",
      "-66,30",
      "-66,31",

      "-65,28",
      "-65,29",
      "-65,30",
      "-65,31",

      "-64,28",
      "-64,29",
      "-64,30",
      "-64,31"
    ],
    "base": "-69,28"
  },
  "spawnPoints": [
    {
      "name": "spawn1",
      "default": true,
      "position": {
        "x": 0,
        "y": 0,
        "z": 0
      },
      "cameraTarget": {
        "x": 8,
        "y": 1,
        "z": 8
      }
    }
  ],
  "requiredPermissions": [
    "ALLOW_TO_MOVE_PLAYER_INSIDE_SCENE"
  ],
  "featureToggles": {}
}
